상품종류,상품명,모델명,색상,현재고
브라더 잉크,BTD60BK,T-925DW,검정,1
브라더 잉크,BT5000C,T-925DW,파랑,1
브라더 잉크,BT5000M,T-925DW,빨강,1
브라더 잉크,BT5000Y,T-925DW,노랑,1
브라더부품,DR-3455,6400/6900,,1
브라더토너,TN-3498,6400/6900,검정,1
브라더토너,TN-459BK,"8,900",검정,1
브라더토너,TN-459Y,"8,900",노랑,1
브라더토너,TN-459C 알벗,"8,900",파랑,1
브라더토너,TN-459M 알벗,"8,900",빨강,1
캐논 복합기잉크,GI-96BK,GX 60/70s,검정,2
캐논 복합기잉크,GI-96C,GX 60/70s,파랑,2
캐논 복합기잉크,GI-96M,GX 60/70s,빨강,2
캐논 복합기잉크,GI-96Y,GX 60/70s,노랑,2
캐논복사기토너,NPG-51BK,25s,검정,1
캐논복사기토너,"NPG-67BK,35s",30/31/32/35/37/38s,검정,1
캐논복사기토너,"NPG-67CY,35s",30/31/32/35/37/38s,파랑,9
캐논복사기토너,"NPG-67MA,35s",30/31/32/35/37/38s,빨강,9
캐논복사기토너,"NPG-67YE,35s",30/31/32/35/37/38s,노랑,8
캐논복사기토너,NPG-71BK (대용량),55/57s,검정,1
캐논복사기토너,NPG-71CY (대용량),55/57s,파랑,1
캐논복사기토너,NPG-71MA (대용량),55/57s,빨강,1
캐논복사기토너,NPG-71YE (대용량),55/57s,노랑,1
캐논복사기토너,NPG-73BK,45s,검정,1
캐논복사기토너,NPG-84BK,26s,검정,1
캐논복사기토너,NPG-88BK,"33,39 s",,2
캐논복사기토너,NPG-88C,"33,39 s",,2
캐논복사기토너,NPG-88M,"33,39 s",,2
캐논복사기토너,NPG-88Y,"33,39 s",,2
캐논복합기잉크,잉크 GI-90BK,"G50,60,70s",,1
캐논복합기잉크,잉크 GI-90C,"G50,60,70s",,1
캐논복합기잉크,잉크 GI-90M,"G50,60,70s",,1
캐논복합기잉크,잉크 GI-90Y,"G50,60,70s",,1
캐논부품,"FL4-3743-000 roller, separation (전 6661)","45,47s",,6
캐논부품(거성),FL0-1674-000 분리롤러 (거성),30/31/32/35/37/38/55/57s,,6
캐논부품(거성),FL0-2885-000 픽업롤러 (거성),30/31/32/35/37/38/55/57s,,6
캐논부품(거성),FL0-4002-000 급지롤러 (거성),30/31/32/35/37/38/55/57s,,6
